experiment_group,users,signup_users,activation_users,conversion_users,signup_rate,activation_rate,conversion_given_activation,overall_conversion_rate
control,2456,1406,908,233,0.5724755700325733,0.6458036984352774,0.2566079295154185,0.09486970684039088
treatment,2544,1466,964,283,0.5762578616352201,0.6575716234652115,0.29356846473029047,0.11124213836477988
