group,week_1_retention,week_4_retention
early_cohorts,0.255090243902439,0.13184
late_cohorts,0.2366048780487805,0.11675238095238095
