score_bin,users,avg_predicted_probability,actual_conversion_rate,lift_vs_overall
"(0.0411, 0.0752]",1000,0.06349562171672438,0.059,0.5717054263565892
"(0.0752, 0.0913]",1002,0.08368459820081968,0.08383233532934131,0.8123288307106716
"(0.0913, 0.107]",1001,0.09879056002375226,0.10589410589410589,1.026105677268468
"(0.107, 0.129]",1002,0.11687491640830525,0.1187624750499002,1.1507991768401182
"(0.129, 0.218]",995,0.15238819658752809,0.1487437185929648,1.441315102645008
