channel,control,treatment,lift,segment,user_type
organic,0.1050228310502283,0.1297709923664122,0.024748161316183903,channel,
paid_ads,0.07561929595827901,0.08868894601542417,0.013069650057145152,channel,
partner,0.09142857142857143,0.10270270270270271,0.01127413127413128,channel,
referral,0.1101511879049676,0.11899791231732777,0.008846724412360174,channel,
,0.13559322033898305,0.14763779527559054,0.012044574936607488,user_type,high_value
,0.06993006993006994,0.07792207792207792,0.007992007992007985,user_type,low_value
,0.0937746256895193,0.11690363349131122,0.023129007801791918,user_type,medium_value
